team	player	name	pos	carryinpercent	entriesper60	image	hex	sheetCOL	Matt-Duchene	Matt Duchene	F	83	24.7	http://tsnimages.tsn.ca/ImageProvider/PlayerHeadshot?seoId=Matt-Duchene	#8B2942	playersWAS	Alex-Ovechkin	Alex Ovechkin	F	82	21.7	http://tsnimages.tsn.ca/ImageProvider/PlayerHeadshot?seoId=Alex-Ovechkin	#CF132B	TBL	Valteri-Filppula	Valteri Filppula	F	79	21.5	http://tsnimages.tsn.ca/ImageProvider/PlayerHeadshot?seoId=Valteri-Filppula	#013E7D	PIT	Evgeni-Malkin	Evgeni Malkin	F	79	26.4	http://tsnimages.tsn.ca/ImageProvider/PlayerHeadshot?seoId=Evgeni-Malkin	#D1BD80	TOR	Phil-Kessel	Phil Kessel	F	79	23.3	http://tsnimages.tsn.ca/ImageProvider/PlayerHeadshot?seoId=Phil-Kessel	#003777	CHI	Jonathan-Toews	Jonathan Toews	F	78	24.0	http://tsnimages.tsn.ca/ImageProvider/PlayerHeadshot?seoId=Jonathan-Toews	#E3263A	WAS	Mikhail-Grabovski	Mikhail Grabovski	F	75	17.2	http://tsnimages.tsn.ca/ImageProvider/PlayerHeadshot?seoId=Mikhail-Grabovski	#CF132B	NJD	Jaromir-Jagr	Jaromir Jagr	F	74	20.5	http://tsnimages.tsn.ca/ImageProvider/PlayerHeadshot?seoId=Jaromir-Jagr	#E03A3E	COL	Nathan-MacKinnon	Nathan MacKinnon	F	74	22.0	http://tsnimages.tsn.ca/ImageProvider/PlayerHeadshot?seoId=Nathan-MacKinnon	#8B2942	PIT	Sidney-Crosby	Sidney Crosby	F	74	23.3	http://tsnimages.tsn.ca/ImageProvider/PlayerHeadshot?seoId=Sidney-Crosby	#D1BD80	OTT	Kyle-Turris	Kyle Turris	F	74	24.2	http://tsnimages.tsn.ca/ImageProvider/PlayerHeadshot?seoId=Kyle-Turris	#E4173E	MTL	David-Desharnais	David Desharnais	F	73	15.3	http://tsnimages.tsn.ca/ImageProvider/PlayerHeadshot?seoId=David-Desharnais	#BF2F38	NYI	John-Tavares	John Tavares	F	73	22.1	http://tsnimages.tsn.ca/ImageProvider/PlayerHeadshot?seoId=John-Tavares	#F57D37	BOS	Brad-Marchand	Brad Marchand	F	73	25.7	http://tsnimages.tsn.ca/ImageProvider/PlayerHeadshot?seoId=Brad-Marchand	#FFC429	EDM	Taylor-Hall	Taylor Hall	F	73	27.2	http://tsnimages.tsn.ca/ImageProvider/PlayerHeadshot?seoId=Taylor-Hall	#E66A20	CHI	Patrick-Kane	Patrick Kane	F	72	30.0	http://tsnimages.tsn.ca/ImageProvider/PlayerHeadshot?seoId=Patrick-Kane	#E3263A	CHI	Marian-Hossa	Marian Hossa	F	72	19.8	http://tsnimages.tsn.ca/ImageProvider/PlayerHeadshot?seoId=Marian-Hossa	#E3263A	DET	Pavel-Datsyuk	Pavel Datsyuk	F	72	25.1	http://tsnimages.tsn.ca/ImageProvider/PlayerHeadshot?seoId=Pavel-Datsyuk	#EC1F26	CAR	Eric-Staal	Eric Staal	F	71	18.0	http://tsnimages.tsn.ca/ImageProvider/PlayerHeadshot?seoId=Eric-Staal	#E03A3E	OTT	Jason-Spezza	Jason Spezza	F	70	22.6	http://tsnimages.tsn.ca/ImageProvider/PlayerHeadshot?seoId=Jason-Spezza	#E4173E	CAR	Alexander-Semin	Alexander Semin	F	70	17.6	http://tsnimages.tsn.ca/ImageProvider/PlayerHeadshot?seoId=Alexander-Semin	#E03A3E	STL	Vladimir-Tarasenko	Vladimir Tarasenko	F	70	18.4	http://tsnimages.tsn.ca/ImageProvider/PlayerHeadshot?seoId=Vladimir-Tarasenko	#0546A9	CHI	Patrick-Sharp	Patrick Sharp	F	69	23.2	http://tsnimages.tsn.ca/ImageProvider/PlayerHeadshot?seoId=Patrick-Sharp	#E3263A	NYI	Frans-Nielsen	Frans Nielsen	F	68	19.1	http://tsnimages.tsn.ca/ImageProvider/PlayerHeadshot?seoId=Frans-Nielsen	#F57D36	TBL	Tyler-Johnson	Tyler Johnson	F	68	18.9	http://tsnimages.tsn.ca/ImageProvider/PlayerHeadshot?seoId=Tyler-Johnson	#013E7D	BUF	Ville-Leino	Ville Leino	F	68	17.1	http://tsnimages.tsn.ca/ImageProvider/PlayerHeadshot?seoId=Ville-Leino	#002E73	TOR	Nazem-Kadri	Nazem Kadri	F	68	18.8	http://tsnimages.tsn.ca/ImageProvider/PlayerHeadshot?seoId=Nazem-Kadri	#003777	TBL	Martin-St-Louis	Martin St. Louis	F	67	21.4	http://tsnimages.tsn.ca/ImageProvider/PlayerHeadshot?seoId=Martin-St.-Louis	#013E7D	DAL	Cody-Eakin	Cody Eakin	F	67	20.2	http://tsnimages.tsn.ca/ImageProvider/PlayerHeadshot?seoId=Cody-Eakin	#006A4E	CHI	Brandon-Saad	Brandon Saad	F	67	24.2	http://tsnimages.tsn.ca/ImageProvider/PlayerHeadshot?seoId=Brandon-Saad	#E3263A	PHI	Jakub-Voracek	Jakub Voracek	F	67	25.4	http://tsnimages.tsn.ca/ImageProvider/PlayerHeadshot?seoId=Jakub-Voracek	#F47940	LAK	Anze-Kopitar	Anze Kopitar	F	67	21.2	http://tsnimages.tsn.ca/ImageProvider/PlayerHeadshot?seoId=Anze-Kopitar	#AFB7BA	WAS	Nicklas-Backstrom	Nicklas Backstrom	F	66	20.4	http://tsnimages.tsn.ca/ImageProvider/PlayerHeadshot?seoId=Nicklas-Backstrom	#CF132B	DAL	Tyler-Seguin	Tyler Seguin	F	66	22.1	http://tsnimages.tsn.ca/ImageProvider/PlayerHeadshot?seoId=Tyler-Seguin	#006A4E	DAL	Valeri-Nichushkin	Valeri Nichushkin	F	66	20.6	http://tsnimages.tsn.ca/ImageProvider/PlayerHeadshot?seoId=Valeri-Nichushkin	#006A4E	CAL	Michael-Backlund	Michael Backlund	F	65	22.9	http://tsnimages.tsn.ca/ImageProvider/PlayerHeadshot?seoId=Michael-Backlund	#E03A3E	BOS	David-Krejci	David Krejci	F	65	28.2	http://tsnimages.tsn.ca/ImageProvider/PlayerHeadshot?seoId=David-Krejci	#FFC427	CAR	Jordan-Staal	Jordan Staal	F	65	20.8	http://tsnimages.tsn.ca/ImageProvider/PlayerHeadshot?seoId=Jordan-Staal	#E03A3E	CLB	Ryan-Johansen	Ryan Johansen	F	64	20.9	http://tsnimages.tsn.ca/ImageProvider/PlayerHeadshot?seoId=Ryan-Johansen	#00285C	BOS	Milan-Lucic	Milan Lucic	F	63	21.2	http://tsnimages.tsn.ca/ImageProvider/PlayerHeadshot?seoId=Milan-Lucic	#FFC425	BUF	Tyler-Ennis	Tyler Ennis	F	63	21.7	http://tsnimages.tsn.ca/ImageProvider/PlayerHeadshot?seoId=Tyler-Ennis	#002E63	COL	Paul-Statsny	Paul Statsny	F	63	14.6	http://tsnimages.tsn.ca/ImageProvider/PlayerHeadshot?seoId=Paul-Statsny	#8B2942	FLO	Nick-Bjugstad	Nick Bjugstad	F	63	18.6	http://tsnimages.tsn.ca/ImageProvider/PlayerHeadshot?seoId=Nick-Bjugstad	#C8213F	OTT	Clarke-Macarthur	Clarke Macarthur	F	63	18.4	http://tsnimages.tsn.ca/ImageProvider/PlayerHeadshot?seoId=Clarke-Macarthur	#E4173E	SJS	Logan-Couture	Logan Couture	F	63	20.5	http://tsnimages.tsn.ca/ImageProvider/PlayerHeadshot?seoId=Logan-Couture	#05535D	TBL	Teddy-Purcell	Teddy Purcell	F	63	22.0	http://tsnimages.tsn.ca/ImageProvider/PlayerHeadshot?seoId=Teddy-Purcell	#013E7D	TBL	Ondrej-Palat	Ondrej Palat	F	63	22.9	http://tsnimages.tsn.ca/ImageProvider/PlayerHeadshot?seoId=Ondrej-Palat	#013E7D	EDM	Jordan-Eberle	Jordan Eberle	F	62	24.8	http://tsnimages.tsn.ca/ImageProvider/PlayerHeadshot?seoId=Jordan-Eberle	#E66A20	DAL	Jamie-Benn	Jamie Benn	F	62	25.5	http://tsnimages.tsn.ca/ImageProvider/PlayerHeadshot?seoId=Jamie-Benn	#006A4E	BUF	Cody-Hodgson	Cody Hodgson	F	62	20.6	http://tsnimages.tsn.ca/ImageProvider/PlayerHeadshot?seoId=Cody-Hodgson	#002E67	CAR	Jeff-Skinner	Jeff Skinner	F	62	22.9	http://tsnimages.tsn.ca/ImageProvider/PlayerHeadshot?seoId=Jeff-Skinner	#E03A3E	COL	Gabriel-Landeskog	Gabriel Landeskog	F	62	24.8	http://tsnimages.tsn.ca/ImageProvider/PlayerHeadshot?seoId=Gabriel-Landeskog	#8B2942	NYR	Carl-Hagelin	Carl Hagelin	F	62	19.8	http://tsnimages.tsn.ca/ImageProvider/PlayerHeadshot?seoId=Carl-Hagelin	#0161AB	OTT	Bobby-Ryan	Bobby Ryan	F	62	22.5	http://tsnimages.tsn.ca/ImageProvider/PlayerHeadshot?seoId=Bobby-Ryan	#E4173E	SJS	Matthew-Nieto	Matthew Nieto	F	61	18.4	http://tsnimages.tsn.ca/ImageProvider/PlayerHeadshot?seoId=Matthew-Nieto	#05535D	EDM	Nail-Yakupov	Nail Yakupov	F	61	18.6	http://tsnimages.tsn.ca/ImageProvider/PlayerHeadshot?seoId=Nail-Yakupov	#E66A20	NJD	Travis-Zajac	Travis Zajac	F	61	18.9	http://tsnimages.tsn.ca/ImageProvider/PlayerHeadshot?seoId=Travis-Zajac	#E03A3E	TOR	Tyler-Bozak	Tyler Bozak	F	61	11.4	http://tsnimages.tsn.ca/ImageProvider/PlayerHeadshot?seoId=Tyler-Bozak	#003777	ANA	Corey-Perry	Corey Perry	F	61	23.6	http://tsnimages.tsn.ca/ImageProvider/PlayerHeadshot?seoId=Corey-Perry	#EF5228	NSH	Colin-Wilson	Colin Wilson	F	61	21.3	http://tsnimages.tsn.ca/ImageProvider/PlayerHeadshot?seoId=Colin-Wilson	#FDBB2F	CAL	Matt-Stajan	Matt Stajan	F	61	18.5	http://tsnimages.tsn.ca/ImageProvider/PlayerHeadshot?seoId=Matt-Stajan	#E03A3E	NYR	Rick-Nash	Rick Nash	F	61	22.3	http://tsnimages.tsn.ca/ImageProvider/PlayerHeadshot?seoId=Rick-Nash	#0161AB	NJD	Adam-Henrique	Adam Henrique	F	60	15.9	http://tsnimages.tsn.ca/ImageProvider/PlayerHeadshot?seoId=Adam-Henrique	#E03A3E	NYI	Kyle-Okposo	Kyle Okposo	F	60	25.3	http://tsnimages.tsn.ca/ImageProvider/PlayerHeadshot?seoId=Kyle-Okposo	#F57D34	VAN	Ryan-Kesler	Ryan Kesler	F	60	18.2	http://tsnimages.tsn.ca/ImageProvider/PlayerHeadshot?seoId=Ryan-Kesler	#047A4A	WPG	Mark-Scheifele	Mark Scheifele	F	60	15.7	http://tsnimages.tsn.ca/ImageProvider/PlayerHeadshot?seoId=Mark-Scheifele	#0168AB	PIT	James-Neal	James Neal	F	60	22.4	http://tsnimages.tsn.ca/ImageProvider/PlayerHeadshot?seoId=James-Neal	#D1BD80	TBL	Alex-Killorn	Alex Killorn	F	60	19.6	http://tsnimages.tsn.ca/ImageProvider/PlayerHeadshot?seoId=Alex-Killorn	#013E7D	NYR	Chris-Kreider	Chris Kreider	F	60	19.1	http://tsnimages.tsn.ca/ImageProvider/PlayerHeadshot?seoId=Chris-Kreider	#0161AB	PHO	Antoine-Vermette	Antoine Vermette	F	59	13.4	http://tsnimages.tsn.ca/ImageProvider/PlayerHeadshot?seoId=Antoine-Vermette	#841F27	ANA	Ryan-Getzlaf	Ryan Getzlaf	F	59	22.7	http://tsnimages.tsn.ca/ImageProvider/PlayerHeadshot?seoId=Ryan-Getzlaf	#EF5230	ANA	Mathieu-Perreault	Mathieu Perreault	F	59	15.1	http://tsnimages.tsn.ca/ImageProvider/PlayerHeadshot?seoId=Mathieu-Perreault	#EF5234	CLB	Brandon-Dubinsky	Brandon Dubinsky	F	59	20.2	http://tsnimages.tsn.ca/ImageProvider/PlayerHeadshot?seoId=Brandon-Dubinsky	#00285C	COL	John-Mitchell	John Mitchell	F	59	20.1	http://tsnimages.tsn.ca/ImageProvider/PlayerHeadshot?seoId=John-Mitchell	#8B2942	PHO	Mike-Ribeiro	Mike Ribeiro	F	59	19.9	http://tsnimages.tsn.ca/ImageProvider/PlayerHeadshot?seoId=Mike-Ribeiro	#841F27	DAL	Erik-Cole	Erik Cole	F	59	22.8	http://tsnimages.tsn.ca/ImageProvider/PlayerHeadshot?seoId=Erik-Cole	#006A4E	EDM	Ryan-Nugent-Hopkins	Ryan Nugent-Hopkins	F	59	16.9	http://tsnimages.tsn.ca/ImageProvider/PlayerHeadshot?seoId=Ryan-Nugent-Hopkins	#E66A20	DAL	Antoine-Roussell	Antoine Roussell	F	59	19.9	http://tsnimages.tsn.ca/ImageProvider/PlayerHeadshot?seoId=Antoine-Roussell	#006A4E	STL	Vladimir-Sobokta	Vladimir Sobokta	F	59	21.3	http://tsnimages.tsn.ca/ImageProvider/PlayerHeadshot?seoId=Vladimir-Sobokta	#0546A11	WPG	Bryan-Little	Bryan Little	F	59	15.3	http://tsnimages.tsn.ca/ImageProvider/PlayerHeadshot?seoId=Bryan-Little	#0168AB	MIN	Zach-Parise	Zach Parise	F	59	19.0	http://tsnimages.tsn.ca/ImageProvider/PlayerHeadshot?seoId=Zach-Parise	#025736	DET	Tomas-Tatar	Tomas Tatar	F	58	25.2	http://tsnimages.tsn.ca/ImageProvider/PlayerHeadshot?seoId=Tomas-Tatar	#EC1F26	CLB	Aretem-Anisimov	Aretem Anisimov	F	58	16.2	http://tsnimages.tsn.ca/ImageProvider/PlayerHeadshot?seoId=Aretem-Anisimov	#00285C	FLO	Jonathan-Huberdeau	Jonathan Huberdeau	F	58	18.4	http://tsnimages.tsn.ca/ImageProvider/PlayerHeadshot?seoId=Jonathan-Huberdeau	#C8213F	VAN	Henrik-Sedin	Henrik Sedin	F	58	17.2	http://tsnimages.tsn.ca/ImageProvider/PlayerHeadshot?seoId=Henrik-Sedin	#047A4A	PHI	Claude-Giroux	Claude Giroux	F	58	21.0	http://tsnimages.tsn.ca/ImageProvider/PlayerHeadshot?seoId=Claude-Giroux	#F47940	DET	Henrik-Zetterberg	Henrik Zetterberg	F	58	27.0	http://tsnimages.tsn.ca/ImageProvider/PlayerHeadshot?seoId=Henrik-Zetterberg	#EC1F26	MTL	Max-Pacioretty	Max Pacioretty	F	57	25.8	http://tsnimages.tsn.ca/ImageProvider/PlayerHeadshot?seoId=Max-Pacioretty	#BF2F38	STL	Alex-Steen	Alex Steen	F	57	23.5	http://tsnimages.tsn.ca/ImageProvider/PlayerHeadshot?seoId=Alex-Steen	#0546A8	CAL	Sean-Monahan	Sean Monahan	F	57	15.2	http://tsnimages.tsn.ca/ImageProvider/PlayerHeadshot?seoId=Sean-Monahan	#E03A3E	MTL	Brenden-Gallagher	Brenden Gallagher	F	57	22.2	http://tsnimages.tsn.ca/ImageProvider/PlayerHeadshot?seoId=Brenden-Gallagher	#BF2F38	CHI	Andrew-Shaw	Andrew Shaw	F	57	21.5	http://tsnimages.tsn.ca/ImageProvider/PlayerHeadshot?seoId=Andrew-Shaw	#E3263A	FLO	Aleksander-Barkov	Aleksander Barkov	F	57	16.1	http://tsnimages.tsn.ca/ImageProvider/PlayerHeadshot?seoId=Aleksander-Barkov	#C8213F	PIT	Jussi-Jokinen	Jussi Jokinen	F	57	18.4	http://tsnimages.tsn.ca/ImageProvider/PlayerHeadshot?seoId=Jussi-Jokinen	#D1BD80	DET	Gustav-Nyquist	Gustav Nyquist	F	57	24.6	http://tsnimages.tsn.ca/ImageProvider/PlayerHeadshot?seoId=Gustav-Nyquist	#EC1F26	NSH	Matt-Cullen	Matt Cullen	F	56	15.8	http://tsnimages.tsn.ca/ImageProvider/PlayerHeadshot?seoId=Matt-Cullen	#FDBB2F	STL	Derek-Roy	Derek Roy	F	56	16.1	http://tsnimages.tsn.ca/ImageProvider/PlayerHeadshot?seoId=Derek-Roy	#0546A10	NSH	Mike-Fisher	Mike Fisher	F	56	16.3	http://tsnimages.tsn.ca/ImageProvider/PlayerHeadshot?seoId=Mike-Fisher	#FDBB2F	MTL	Alex-Galchenyuk	Alex Galchenyuk	F	56	16.1	http://tsnimages.tsn.ca/ImageProvider/PlayerHeadshot?seoId=Alex-Galchenyuk	#BF2F38	OTT	Zack-Smith	Zack Smith	F	56	21.9	http://tsnimages.tsn.ca/ImageProvider/PlayerHeadshot?seoId=Zack-Smith	#E4173E	ANA	Andrew-Cogliano	Andrew Cogliano	F	56	25.4	http://tsnimages.tsn.ca/ImageProvider/PlayerHeadshot?seoId=Andrew-Cogliano	#EF5231	BOS	Carl-Soderberg	Carl Soderberg	F	56	20.8	http://tsnimages.tsn.ca/ImageProvider/PlayerHeadshot?seoId=Carl-Soderberg	#FFC432	LAK	Mike-Richards	Mike Richards	F	56	16.6	http://tsnimages.tsn.ca/ImageProvider/PlayerHeadshot?seoId=Mike-Richards	#AFB7BA	WAS	Marcus-Johansson	Marcus Johansson	F	56	18.7	http://tsnimages.tsn.ca/ImageProvider/PlayerHeadshot?seoId=Marcus-Johansson	#CF132B	NSH	Craig-Smith	Craig Smith	F	55	19.3	http://tsnimages.tsn.ca/ImageProvider/PlayerHeadshot?seoId=Craig-Smith	#FDBB2F	PHO	Mikkel-Boedker	Mikkel Boedker	F	55	23.9	http://tsnimages.tsn.ca/ImageProvider/PlayerHeadshot?seoId=Mikkel-Boedker	#841F27	NJD	Patrik-Elias	Patrik Elias	F	55	21.1	http://tsnimages.tsn.ca/ImageProvider/PlayerHeadshot?seoId=Patrik-Elias	#E03A3E	ANA	Kyle-Palmieri	Kyle Palmieri	F	55	24.9	http://tsnimages.tsn.ca/ImageProvider/PlayerHeadshot?seoId=Kyle-Palmieri	#EF5236	BOS	Rielly-Smith	Rielly Smith	F	55	22.4	http://tsnimages.tsn.ca/ImageProvider/PlayerHeadshot?seoId=Rielly-Smith	#FFC431	MTL	Tomas-Plekanec	Tomas Plekanec	F	55	21.2	http://tsnimages.tsn.ca/ImageProvider/PlayerHeadshot?seoId=Tomas-Plekanec	#BF2F38	EDM	Sam-Gagner	Sam Gagner	F	55	18.5	http://tsnimages.tsn.ca/ImageProvider/PlayerHeadshot?seoId=Sam-Gagner	#E66A20	WPG	Evander-Kane	Evander Kane	F	54	28.8	http://tsnimages.tsn.ca/ImageProvider/PlayerHeadshot?seoId=Evander-Kane	#0168AB	CAL	Mike-Cammalleri	Mike Cammalleri	F	54	20.2	http://tsnimages.tsn.ca/ImageProvider/PlayerHeadshot?seoId=Mike-Cammalleri	#E03A3E	NYR	Brad-Richards	Brad Richards	F	54	18.3	http://tsnimages.tsn.ca/ImageProvider/PlayerHeadshot?seoId=Brad-Richards	#0161AB	VAN	Daniel-Sedin	Daniel Sedin	F	54	21.7	http://tsnimages.tsn.ca/ImageProvider/PlayerHeadshot?seoId=Daniel-Sedin	#047A4A	SJS	Patrick-Marleau	Patrick Marleau	F	53	20.3	http://tsnimages.tsn.ca/ImageProvider/PlayerHeadshot?seoId=Patrick-Marleau	#05535D	TBL	JT-Brown	JT Brown	F	53	24.6	http://tsnimages.tsn.ca/ImageProvider/PlayerHeadshot?seoId=JT-Brown	#013E7D	FLO	Sean-Bergenheim	Sean Bergenheim	F	53	20.5	http://tsnimages.tsn.ca/ImageProvider/PlayerHeadshot?seoId=Sean-Bergenheim	#C8213F	MIN	Charlie-Coyle	Charlie Coyle	F	53	20.5	http://tsnimages.tsn.ca/ImageProvider/PlayerHeadshot?seoId=Charlie-Coyle	#025736	MTL	Lars-Eller	Lars Eller	F	53	21.0	http://tsnimages.tsn.ca/ImageProvider/PlayerHeadshot?seoId=Lars-Eller	#BF2F38	NYR	Derrick-Brassard	Derrick Brassard	F	53	17.7	http://tsnimages.tsn.ca/ImageProvider/PlayerHeadshot?seoId=Derrick-Brassard	#0161AB	CAL	Jiri-Hudler	Jiri Hudler	F	53	18.5	http://tsnimages.tsn.ca/ImageProvider/PlayerHeadshot?seoId=Jiri-Hudler	#E03A3E	SJS	Joe-Pavelski	Joe Pavelski	F	53	18.3	http://tsnimages.tsn.ca/ImageProvider/PlayerHeadshot?seoId=Joe-Pavelski	#05535D	PHI	Brayden-Schenn	Brayden Schenn	F	52	17.5	http://tsnimages.tsn.ca/ImageProvider/PlayerHeadshot?seoId=Brayden-Schenn	#F47940	SJS	Brent-Burns	Brent Burns	F	52	19.1	http://tsnimages.tsn.ca/ImageProvider/PlayerHeadshot?seoId=Brent-Burns	#05535D	NJD	Michael-Ryder	Michael Ryder	F	52	23.0	http://tsnimages.tsn.ca/ImageProvider/PlayerHeadshot?seoId=Michael-Ryder	#E03A3E	NYR	Benoit-Pouliot	Benoit Pouliot	F	52	16.7	http://tsnimages.tsn.ca/ImageProvider/PlayerHeadshot?seoId=Benoit-Pouliot	#0161AB	DAL	Ryan-Garbutt	Ryan Garbutt	F	52	23.0	http://tsnimages.tsn.ca/ImageProvider/PlayerHeadshot?seoId=Ryan-Garbutt	#006A4E	WPG	Blake-Wheeler	Blake Wheeler	F	52	25.3	http://tsnimages.tsn.ca/ImageProvider/PlayerHeadshot?seoId=Blake-Wheeler	#0168AB	BOS	Jarome-Iginla	Jarome Iginla	F	52	19.2	http://tsnimages.tsn.ca/ImageProvider/PlayerHeadshot?seoId=Jarome-Iginla	#FFC426	CAR	Nathan-Gerbe	Nathan Gerbe	F	52	21.1	http://tsnimages.tsn.ca/ImageProvider/PlayerHeadshot?seoId=Nathan-Gerbe	#E03A3E	CAR	Jiri-Tlusty	Jiri Tlusty	F	52	19.0	http://tsnimages.tsn.ca/ImageProvider/PlayerHeadshot?seoId=Jiri-Tlusty	#E03A3E	VAN	David-Booth	David Booth	F	52	22.2	http://tsnimages.tsn.ca/ImageProvider/PlayerHeadshot?seoId=David-Booth	#047A4A	LAK	Dustin-Brown	Dustin Brown	F	52	24.6	http://tsnimages.tsn.ca/ImageProvider/PlayerHeadshot?seoId=Dustin-Brown	#AFB7BA	EDM	David-Perron	David Perron	F	52	22.5	http://tsnimages.tsn.ca/ImageProvider/PlayerHeadshot?seoId=David-Perron	#E66A20	WAS	Troy-Brouwer	Troy Brouwer	F	52	15.7	http://tsnimages.tsn.ca/ImageProvider/PlayerHeadshot?seoId=Troy-Brouwer	#CF132B	PHI	Vincent-Lecavalier	Vincent Lecavalier	F	52	17.6	http://tsnimages.tsn.ca/ImageProvider/PlayerHeadshot?seoId=Vincent-Lecavalier	#F47940	PIT	Chris-Kunitz	Chris Kunitz	F	52	23.2	http://tsnimages.tsn.ca/ImageProvider/PlayerHeadshot?seoId=Chris-Kunitz	#D1BD80	TOR	James-Van-Riemsdyk	James Van Riemsdyk	F	52	23.0	http://tsnimages.tsn.ca/ImageProvider/PlayerHeadshot?seoId=James-Van-Riemsdyk	#003777	WPG	Olli-Jokinen	Olli Jokinen	F	52	15.5	http://tsnimages.tsn.ca/ImageProvider/PlayerHeadshot?seoId=Olli-Jokinen	#0168AB	MIN	Kyle-Brodziak	Kyle Brodziak	F	51	17.2	http://tsnimages.tsn.ca/ImageProvider/PlayerHeadshot?seoId=Kyle-Brodziak	#025736	TOR	Joffrey-Lupul	Joffrey Lupul	F	51	18.8	http://tsnimages.tsn.ca/ImageProvider/PlayerHeadshot?seoId=Joffrey-Lupul	#003777	ANA	Daniel-Winnik	Daniel Winnik	F	51	20.3	http://tsnimages.tsn.ca/ImageProvider/PlayerHeadshot?seoId=Daniel-Winnik	#EF5232	BOS	Patrice-Bergeron	Patrice Bergeron	F	51	20.3	http://tsnimages.tsn.ca/ImageProvider/PlayerHeadshot?seoId=Patrice-Bergeron	#FFC430	BUF	Drew-Stafford	Drew Stafford	F	51	25.5	http://tsnimages.tsn.ca/ImageProvider/PlayerHeadshot?seoId=Drew-Stafford	#002E68	CLB	Nick-Foligno	Nick Foligno	F	51	25.6	http://tsnimages.tsn.ca/ImageProvider/PlayerHeadshot?seoId=Nick-Foligno	#00285C	COL	Ryan-O'Rielly	Ryan O'Rielly	F	51	19.7	http://tsnimages.tsn.ca/ImageProvider/PlayerHeadshot?seoId=Ryan-O'Rielly	#8B2942	NYR	Mats-Zuccarello	Mats Zuccarello	F	51	22.1	http://tsnimages.tsn.ca/ImageProvider/PlayerHeadshot?seoId=Mats-Zuccarello	#0161AB	DET	Johan-Franzen	Johan Franzen	F	50	24.1	http://tsnimages.tsn.ca/ImageProvider/PlayerHeadshot?seoId=Johan-Franzen	#EC1F26	MIN	Jason-Pominville	Jason Pominville	F	50	19.3	http://tsnimages.tsn.ca/ImageProvider/PlayerHeadshot?seoId=Jason-Pominville	#025736	TOR	Mason-Raymond	Mason Raymond	F	50	29.0	http://tsnimages.tsn.ca/ImageProvider/PlayerHeadshot?seoId=Mason-Raymond	#003777	FLO	Tomas-Fleischmann	Tomas Fleischmann	F	50	20.0	http://tsnimages.tsn.ca/ImageProvider/PlayerHeadshot?seoId=Tomas-Fleischmann	#C8213F	LAK	Jeff-Carter	Jeff Carter	F	50	22.0	http://tsnimages.tsn.ca/ImageProvider/PlayerHeadshot?seoId=Jeff-Carter	#AFB7BA	MTL	Brian-Gionta	Brian Gionta	F	50	20.3	http://tsnimages.tsn.ca/ImageProvider/PlayerHeadshot?seoId=Brian-Gionta	#BF2F38	PHO	Shane-Doan	Shane Doan	F	50	23.2	http://tsnimages.tsn.ca/ImageProvider/PlayerHeadshot?seoId=Shane-Doan	#841F27	STL	TJ-Oshie	TJ Oshie	F	50	23.5	http://tsnimages.tsn.ca/ImageProvider/PlayerHeadshot?seoId=TJ-Oshie	#0546A5	VAN	Chris-Higgins	Chris Higgins	F	50	20.2	http://tsnimages.tsn.ca/ImageProvider/PlayerHeadshot?seoId=Chris-Higgins	#047A4A	VAN	Zack-Kassian	Zack Kassian	F	50	20.7	http://tsnimages.tsn.ca/ImageProvider/PlayerHeadshot?seoId=Zack-Kassian	#047A4A	STL	Patrik-Berglund	Patrik Berglund	F	50	19.4	http://tsnimages.tsn.ca/ImageProvider/PlayerHeadshot?seoId=Patrik-Berglund	#0546A7	STL	Jaden-Schwartz	Jaden Schwartz	F	50	23.6	http://tsnimages.tsn.ca/ImageProvider/PlayerHeadshot?seoId=Jaden-Schwartz	#0546A4	SJS	Tyler-Kennedy	Tyler Kennedy	F	49	22.9	http://tsnimages.tsn.ca/ImageProvider/PlayerHeadshot?seoId=Tyler-Kennedy	#05535D	WAS	Eric-Fehr	Eric Fehr	F	49	17.9	http://tsnimages.tsn.ca/ImageProvider/PlayerHeadshot?seoId=Eric-Fehr	#CF132B	LAK	Drew-Doughty	Drew Doughty	D	49	8.4	http://tsnimages.tsn.ca/ImageProvider/PlayerHeadshot?seoId=Drew-Doughty	#AFB7BA	STL	David-Backes	David Backes	F	49	18.5	http://tsnimages.tsn.ca/ImageProvider/PlayerHeadshot?seoId=David-Backes	#0546A6	OTT	Milan-Michalek	Milan Michalek	F	48	16.9	http://tsnimages.tsn.ca/ImageProvider/PlayerHeadshot?seoId=Milan-Michalek	#E4173E	SJS	Joe-Thornton	Joe Thornton	F	48	20.5	http://tsnimages.tsn.ca/ImageProvider/PlayerHeadshot?seoId=Joe-Thornton	#05535D	PHI	Sean-Couturier	Sean Couturier	F	48	19.1	http://tsnimages.tsn.ca/ImageProvider/PlayerHeadshot?seoId=Sean-Couturier	#F47940	PHI	Matt-Read	Matt Read	F	48	23.0	http://tsnimages.tsn.ca/ImageProvider/PlayerHeadshot?seoId=Matt-Read	#F47940	DAL	Alex-Chiasson	Alex Chiasson	F	48	16.4	http://tsnimages.tsn.ca/ImageProvider/PlayerHeadshot?seoId=Alex-Chiasson	#006A4E	CLB	Cam-Atkinson	Cam Atkinson	F	48	23.5	http://tsnimages.tsn.ca/ImageProvider/PlayerHeadshot?seoId=Cam-Atkinson	#00285C	COL	Maxime-Talbot	Maxime Talbot	F	48	17.8	http://tsnimages.tsn.ca/ImageProvider/PlayerHeadshot?seoId=Maxime-Talbot	#8B2942	MIN	Dany-Heatley	Dany Heatley	F	48	15.2	http://tsnimages.tsn.ca/ImageProvider/PlayerHeadshot?seoId=Dany-Heatley	#025736	CAL	Joe-Colborne	Joe Colborne	F	47	19.2	http://tsnimages.tsn.ca/ImageProvider/PlayerHeadshot?seoId=Joe-Colborne	#E03A3E	MTL	Rene-Bourque	Rene Bourque	F	47	23.5	http://tsnimages.tsn.ca/ImageProvider/PlayerHeadshot?seoId=Rene-Bourque	#BF2F38	PHI	Wayne-Simmonds	Wayne Simmonds	F	47	24.8	http://tsnimages.tsn.ca/ImageProvider/PlayerHeadshot?seoId=Wayne-Simmonds	#F47940	MIN	Mikko-Koivu	Mikko Koivu	F	47	20.9	http://tsnimages.tsn.ca/ImageProvider/PlayerHeadshot?seoId=Mikko-Koivu	#025736	BUF	Zemgus-Girgensons	Zemgus Girgensons	F	47	21.4	http://tsnimages.tsn.ca/ImageProvider/PlayerHeadshot?seoId=Zemgus-Girgensons	#002E71	FLO	Marcel-Goc	Marcel Goc	F	47	17.8	http://tsnimages.tsn.ca/ImageProvider/PlayerHeadshot?seoId=Marcel-Goc	#C8213F	NSH	Gabriel-Bourque	Gabriel Bourque	F	47	17.2	http://tsnimages.tsn.ca/ImageProvider/PlayerHeadshot?seoId=Gabriel-Bourque	#FDBB2F	PIT	Brandon-Sutter	Brandon Sutter	F	46	21.2	http://tsnimages.tsn.ca/ImageProvider/PlayerHeadshot?seoId=Brandon-Sutter	#D1BD80	LAK	Jarrett-Stoll	Jarrett Stoll	F	46	13.7	http://tsnimages.tsn.ca/ImageProvider/PlayerHeadshot?seoId=Jarrett-Stoll	#AFB7BA	NYI	Josh-Bailey	Josh Bailey	F	46	19.2	http://tsnimages.tsn.ca/ImageProvider/PlayerHeadshot?seoId=Josh-Bailey	#F57D35	NYR	Derek-Stepan	Derek Stepan	F	46	19.3	http://tsnimages.tsn.ca/ImageProvider/PlayerHeadshot?seoId=Derek-Stepan	#0161AB	EDM	Justin-Schultz	Justin Schultz	D	46	6.9	http://tsnimages.tsn.ca/ImageProvider/PlayerHeadshot?seoId=Justin-Schultz	#E66A20	NYI	Casey-Cizikas	Casey Cizikas	F	46	21.5	http://tsnimages.tsn.ca/ImageProvider/PlayerHeadshot?seoId=Casey-Cizikas	#F57D40	PHO	Lauri-Korpikoski	Lauri Korpikoski	F	46	19.9	http://tsnimages.tsn.ca/ImageProvider/PlayerHeadshot?seoId=Lauri-Korpikoski	#841F27	WPG	Michael-Frolik	Michael Frolik	F	46	21.5	http://tsnimages.tsn.ca/ImageProvider/PlayerHeadshot?seoId=Michael-Frolik	#0168AB	OTT	Erik-Karlsson	Erik Karlsson	D	46	15.1	http://tsnimages.tsn.ca/ImageProvider/PlayerHeadshot?seoId=Erik-Karlsson	#E4173E	VAN	Jannik-Hansen	Jannik Hansen	F	46	22.9	http://tsnimages.tsn.ca/ImageProvider/PlayerHeadshot?seoId=Jannik-Hansen	#047A4A	WPG	Devin-Setoguchi	Devin Setoguchi	F	46	18.3	http://tsnimages.tsn.ca/ImageProvider/PlayerHeadshot?seoId=Devin-Setoguchi	#0168AB	MIN	Nino-Niederreiter	Nino Niederreiter	F	46	21.6	http://tsnimages.tsn.ca/ImageProvider/PlayerHeadshot?seoId=Nino-Niederreiter	#025736	PHO	Martin-Hanzal	Martin Hanzal	F	45	16.3	http://tsnimages.tsn.ca/ImageProvider/PlayerHeadshot?seoId=Martin-Hanzal	#841F27	ANA	Saku-Koivu	Saku Koivu	F	45	12.1	http://tsnimages.tsn.ca/ImageProvider/PlayerHeadshot?seoId=Saku-Koivu	#EF5235	FLO	Brian-Campbell	Brian Campbell	D	45	10.2	http://tsnimages.tsn.ca/ImageProvider/PlayerHeadshot?seoId=Brian-Campbell	#C8213F	VAN	Brad-Richardson	Brad Richardson	F	45	13.1	http://tsnimages.tsn.ca/ImageProvider/PlayerHeadshot?seoId=Brad-Richardson	#047A4A	TBL	Nate-Thompson	Nate Thompson	F	45	16.1	http://tsnimages.tsn.ca/ImageProvider/PlayerHeadshot?seoId=Nate-Thompson	#013E7D	TOR	David-Clarkson	David Clarkson	F	45	19.7	http://tsnimages.tsn.ca/ImageProvider/PlayerHeadshot?seoId=David-Clarkson	#003777	DET	Daniel-Alfredsson	Daniel Alfredsson	F	44	22.3	http://tsnimages.tsn.ca/ImageProvider/PlayerHeadshot?seoId=Daniel-Alfredsson	#EC1F26	CAR	Riley-Nash	Riley Nash	F	44	18.8	http://tsnimages.tsn.ca/ImageProvider/PlayerHeadshot?seoId=Riley-Nash	#E03A3E	CLB	RJ-Umberger	RJ Umberger	F	44	19.9	http://tsnimages.tsn.ca/ImageProvider/PlayerHeadshot?seoId=RJ-Umberger	#00285C	CHI	Marcus-Kruger	Marcus Kruger	F	44	15.3	http://tsnimages.tsn.ca/ImageProvider/PlayerHeadshot?seoId=Marcus-Kruger	#E3263A	LAK	Justin-Williams	Justin Williams	F	44	25.3	http://tsnimages.tsn.ca/ImageProvider/PlayerHeadshot?seoId=Justin-Williams	#AFB7BA	NJD	Dainius-Zubrus	Dainius Zubrus	F	43	20.3	http://tsnimages.tsn.ca/ImageProvider/PlayerHeadshot?seoId=Dainius-Zubrus	#E03A3E	BUF	Brian-Flynn	Brian Flynn	F	43	19.9	http://tsnimages.tsn.ca/ImageProvider/PlayerHeadshot?seoId=Brian-Flynn	#002E69	CAR	Patrick-Dwyer	Patrick Dwyer	F	43	20.5	http://tsnimages.tsn.ca/ImageProvider/PlayerHeadshot?seoId=Patrick-Dwyer	#E03A3E	CAL	TJ-Galiardi	TJ Galiardi	F	43	23.8	http://tsnimages.tsn.ca/ImageProvider/PlayerHeadshot?seoId=TJ-Galiardi	#E03A3E	TOR	Jake-Garinder	Jake Garinder	D	43	8.8	http://tsnimages.tsn.ca/ImageProvider/PlayerHeadshot?seoId=Jake-Garinder	#003777	PHO	David-Moss	David Moss	F	43	16.9	http://tsnimages.tsn.ca/ImageProvider/PlayerHeadshot?seoId=David-Moss	#841F27	DET	Brendan-Smith	Brendan Smith	D	43	8.7	http://tsnimages.tsn.ca/ImageProvider/PlayerHeadshot?seoId=Brendan-Smith	#EC1F26	PHO	Radim-Vrbata	Radim Vrbata	F	43	21.2	http://tsnimages.tsn.ca/ImageProvider/PlayerHeadshot?seoId=Radim-Vrbata	#841F27	PHO	Keith-Yandle	Keith Yandle	D	42	11.8	http://tsnimages.tsn.ca/ImageProvider/PlayerHeadshot?seoId=Keith-Yandle	#841F27	NYI	Cal-Clutterbuck	Cal Clutterbuck	F	42	21.9	http://tsnimages.tsn.ca/ImageProvider/PlayerHeadshot?seoId=Cal-Clutterbuck	#F57D42	WPG	Jacob-Trouba	Jacob Trouba	D	42	9.5	http://tsnimages.tsn.ca/ImageProvider/PlayerHeadshot?seoId=Jacob-Trouba	#0168AB	CAL	Lance-Bouma	Lance Bouma	F	42	15.2	http://tsnimages.tsn.ca/ImageProvider/PlayerHeadshot?seoId=Lance-Bouma	#E03A3E	WPG	Andrew-Ladd	Andrew Ladd	F	42	23.1	http://tsnimages.tsn.ca/ImageProvider/PlayerHeadshot?seoId=Andrew-Ladd	#0168AB	MIN	Matt-Cooke	Matt Cooke	F	42	18.9	http://tsnimages.tsn.ca/ImageProvider/PlayerHeadshot?seoId=Matt-Cooke	#025736	CLB	Boone-Jenner	Boone Jenner	F	42	19.5	http://tsnimages.tsn.ca/ImageProvider/PlayerHeadshot?seoId=Boone-Jenner	#00285C	SJS	Tommy-WIngles	Tommy WIngles	F	42	20.3	http://tsnimages.tsn.ca/ImageProvider/PlayerHeadshot?seoId=Tommy-WIngles	#05535D	ANA	Nick-Bonino	Nick Bonino	F	41	15.3	http://tsnimages.tsn.ca/ImageProvider/PlayerHeadshot?seoId=Nick-Bonino	#EF5233	FLO	Brad-Boyes	Brad Boyes	F	41	21.3	http://tsnimages.tsn.ca/ImageProvider/PlayerHeadshot?seoId=Brad-Boyes	#C8213F	PHI	Scott-Hartnell	Scott Hartnell	F	41	17.8	http://tsnimages.tsn.ca/ImageProvider/PlayerHeadshot?seoId=Scott-Hartnell	#F47940	NJD	Steve-Bernier	Steve Bernier	F	41	17.9	http://tsnimages.tsn.ca/ImageProvider/PlayerHeadshot?seoId=Steve-Bernier	#E03A3E	OTT	Colin-Greening	Colin Greening	F	40	18.0	http://tsnimages.tsn.ca/ImageProvider/PlayerHeadshot?seoId=Colin-Greening	#E4173E	NSH	Patric-Hornqvist	Patric Hornqvist	F	40	23.7	http://tsnimages.tsn.ca/ImageProvider/PlayerHeadshot?seoId=Patric-Hornqvist	#FDBB2F	COL	Jamie-McGinn	Jamie McGinn	F	40	14.5	http://tsnimages.tsn.ca/ImageProvider/PlayerHeadshot?seoId=Jamie-McGinn	#8B2942	DET	Justin-Abdelkader	Justin Abdelkader	F	40	23.3	http://tsnimages.tsn.ca/ImageProvider/PlayerHeadshot?seoId=Justin-Abdelkader	#EC1F26	LAK	Trevor-Lewis	Trevor Lewis	F	39	22.3	http://tsnimages.tsn.ca/ImageProvider/PlayerHeadshot?seoId=Trevor-Lewis	#AFB7BA	NYI	Travis-Hamonic	Travis Hamonic	D	39	10.4	http://tsnimages.tsn.ca/ImageProvider/PlayerHeadshot?seoId=Travis-Hamonic	#F57D31	COL	Erik-Johnson	Erik Johnson	D	39	8.3	http://tsnimages.tsn.ca/ImageProvider/PlayerHeadshot?seoId=Erik-Johnson	#8B2942	NJD	Stephen-Gionta	Stephen Gionta	F	39	18.6	http://tsnimages.tsn.ca/ImageProvider/PlayerHeadshot?seoId=Stephen-Gionta	#E03A3E	NSH	Roman-Josi	Roman Josi	D	38	13.0	http://tsnimages.tsn.ca/ImageProvider/PlayerHeadshot?seoId=Roman-Josi	#FDBB2F	NSH	Nick-Spaling	Nick Spaling	F	38	15.2	http://tsnimages.tsn.ca/ImageProvider/PlayerHeadshot?seoId=Nick-Spaling	#FDBB2F	EDM	Boyd-Gordon	Boyd Gordon	F	38	12.8	http://tsnimages.tsn.ca/ImageProvider/PlayerHeadshot?seoId=Boyd-Gordon	#E66A20	CAL	TJ-Brodie	TJ Brodie	D	38	8.5	http://tsnimages.tsn.ca/ImageProvider/PlayerHeadshot?seoId=TJ-Brodie	#E03A3E	DET	Drew-Miller	Drew Miller	F	38	19.7	http://tsnimages.tsn.ca/ImageProvider/PlayerHeadshot?seoId=Drew-Miller	#EC1F26	PHI	Mark-Streit	Mark Streit	D	37	8.5	http://tsnimages.tsn.ca/ImageProvider/PlayerHeadshot?seoId=Mark-Streit	#F47940	BUF	Marcus-Foligno	Marcus Foligno	F	37	16.1	http://tsnimages.tsn.ca/ImageProvider/PlayerHeadshot?seoId=Marcus-Foligno	#002E70	BUF	Steve-Ott	Steve Ott	F	37	17.7	http://tsnimages.tsn.ca/ImageProvider/PlayerHeadshot?seoId=Steve-Ott	#002E72	WAS	Jason-Chimera	Jason Chimera	F	37	22.0	http://tsnimages.tsn.ca/ImageProvider/PlayerHeadshot?seoId=Jason-Chimera	#CF132B	WAS	Joel-Ward	Joel Ward	F	37	18.9	http://tsnimages.tsn.ca/ImageProvider/PlayerHeadshot?seoId=Joel-Ward	#CF132B	EDM	Ryan-Smyth	Ryan Smyth	F	36	20.0	http://tsnimages.tsn.ca/ImageProvider/PlayerHeadshot?seoId=Ryan-Smyth	#E66A20	CLB	Mark-Letestu	Mark Letestu	F	36	19.9	http://tsnimages.tsn.ca/ImageProvider/PlayerHeadshot?seoId=Mark-Letestu	#00285C	FLO	Scottie-Upshall	Scottie Upshall	F	36	23.5	http://tsnimages.tsn.ca/ImageProvider/PlayerHeadshot?seoId=Scottie-Upshall	#C8213F	NSH	Eric-Nystrom	Eric Nystrom	F	36	21.3	http://tsnimages.tsn.ca/ImageProvider/PlayerHeadshot?seoId=Eric-Nystrom	#FDBB2F	TBL	Victor-Hedman	Victor Hedman	D	36	9.6	http://tsnimages.tsn.ca/ImageProvider/PlayerHeadshot?seoId=Victor-Hedman	#013E7D	FLO	Dmitry-Kulikov	Dmitry Kulikov	D	35	9.1	http://tsnimages.tsn.ca/ImageProvider/PlayerHeadshot?seoId=Dmitry-Kulikov	#C8213F	TOR	Nikolai-Kulemin	Nikolai Kulemin	F	34	16.5	http://tsnimages.tsn.ca/ImageProvider/PlayerHeadshot?seoId=Nikolai-Kulemin	#003777	SJS	Dan-Boyle	Dan Boyle	D	34	7.8	http://tsnimages.tsn.ca/ImageProvider/PlayerHeadshot?seoId=Dan-Boyle	#05535D	LAK	Dwight-King	Dwight King	F	34	18.9	http://tsnimages.tsn.ca/ImageProvider/PlayerHeadshot?seoId=Dwight-King	#AFB7BA	BOS	Gregory-Campbell	Gregory Campbell	F	34	14.1	http://tsnimages.tsn.ca/ImageProvider/PlayerHeadshot?seoId=Gregory-Campbell	#FFC433	WAS	Mike-Green	Mike Green	D	33	13.2	http://tsnimages.tsn.ca/ImageProvider/PlayerHeadshot?seoId=Mike-Green	#CF132B	NJD	Marek-Zidlicky	Marek Zidlicky	D	33	7.6	http://tsnimages.tsn.ca/ImageProvider/PlayerHeadshot?seoId=Marek-Zidlicky	#E03A3E	NSH	Seth-Jones	Seth Jones	D	33	10.8	http://tsnimages.tsn.ca/ImageProvider/PlayerHeadshot?seoId=Seth-Jones	#FDBB2F	ANA	Cam-Fowler	Cam Fowler	D	33	9.8	http://tsnimages.tsn.ca/ImageProvider/PlayerHeadshot?seoId=Cam-Fowler	#EF5229	CAR	Andrej-Sekera	Andrej Sekera	D	33	10.0	http://tsnimages.tsn.ca/ImageProvider/PlayerHeadshot?seoId=Andrej-Sekera	#E03A3E	CAL	Mark-Giordano	Mark Giordano	D	33	8.9	http://tsnimages.tsn.ca/ImageProvider/PlayerHeadshot?seoId=Mark-Giordano	#E03A3E	NYI	Thomas-Hickey	Thomas Hickey	D	33	7.6	http://tsnimages.tsn.ca/ImageProvider/PlayerHeadshot?seoId=Thomas-Hickey	#F57D32	CAR	Justin-Faulk	Justin Faulk	D	32	9.3	http://tsnimages.tsn.ca/ImageProvider/PlayerHeadshot?seoId=Justin-Faulk	#E03A3E	CLB	Jack-Johnson	Jack Johnson	D	32	7.7	http://tsnimages.tsn.ca/ImageProvider/PlayerHeadshot?seoId=Jack-Johnson	#00285C	DAL	Alex-Goligoski	Alex Goligoski	D	32	8.7	http://tsnimages.tsn.ca/ImageProvider/PlayerHeadshot?seoId=Alex-Goligoski	#006A4E	EDM	Jeff-Petry	Jeff Petry	D	31	7.1	http://tsnimages.tsn.ca/ImageProvider/PlayerHeadshot?seoId=Jeff-Petry	#E66A20	MTL	PK-Subban	PK Subban	D	31	8.8	http://tsnimages.tsn.ca/ImageProvider/PlayerHeadshot?seoId=PK-Subban	#BF2F38	NYI	Matt-Martin	Matt Martin	F	31	15.9	http://tsnimages.tsn.ca/ImageProvider/PlayerHeadshot?seoId=Matt-Martin	#F57D39	CHI	Duncan-Keith	Duncan Keith	D	31	6.1	http://tsnimages.tsn.ca/ImageProvider/PlayerHeadshot?seoId=Duncan-Keith	#E3263A	MIN	Jared-Spurgeon	Jared Spurgeon	D	31	9.4	http://tsnimages.tsn.ca/ImageProvider/PlayerHeadshot?seoId=Jared-Spurgeon	#025736	WAS	Dimitry-Orlov	Dimitry Orlov	D	31	9.3	http://tsnimages.tsn.ca/ImageProvider/PlayerHeadshot?seoId=Dimitry-Orlov	#CF132B	PIT	Craig-Adams	Craig Adams	F	31	17.7	http://tsnimages.tsn.ca/ImageProvider/PlayerHeadshot?seoId=Craig-Adams	#D1BD80	TBL	Eric-Brewer	Eric Brewer	D	30	7.4	http://tsnimages.tsn.ca/ImageProvider/PlayerHeadshot?seoId=Eric-Brewer	#013E7D	BUF	Jamie-McBain	Jamie McBain	D	30	6.8	http://tsnimages.tsn.ca/ImageProvider/PlayerHeadshot?seoId=Jamie-McBain	#002E64	CAL	Kris-Russell	Kris Russell	D	30	7.5	http://tsnimages.tsn.ca/ImageProvider/PlayerHeadshot?seoId=Kris-Russell	#E03A3E	BOS	Torey-Krug	Torey Krug	D	29	8.0	http://tsnimages.tsn.ca/ImageProvider/PlayerHeadshot?seoId=Torey-Krug	#FFC428	CHI	Brandon-Bollig	Brandon Bollig	F	29	21.8	http://tsnimages.tsn.ca/ImageProvider/PlayerHeadshot?seoId=Brandon-Bollig	#E3263A	STL	Alex-Pietrangelo	Alex Pietrangelo	D	29	12.3	http://tsnimages.tsn.ca/ImageProvider/PlayerHeadshot?seoId=Alex-Pietrangelo	#0546A0	NYR	Ryan-McDonagh	Ryan McDonagh	D	29	7.5	http://tsnimages.tsn.ca/ImageProvider/PlayerHeadshot?seoId=Ryan-McDonagh	#0161AB	NYI	Colin-McDonald	Colin McDonald	F	29	23.1	http://tsnimages.tsn.ca/ImageProvider/PlayerHeadshot?seoId=Colin-McDonald	#F57D41	STL	Kevin-Shattenkirk	Kevin Shattenkirk	D	28	11.2	http://tsnimages.tsn.ca/ImageProvider/PlayerHeadshot?seoId=Kevin-Shattenkirk	#0546A2	BUF	Christian-Ehrhoff	Christian Ehrhoff	D	28	9.0	http://tsnimages.tsn.ca/ImageProvider/PlayerHeadshot?seoId=Christian-Ehrhoff	#002E62	OTT	Chris-Neil	Chris Neil	F	28	17.9	http://tsnimages.tsn.ca/ImageProvider/PlayerHeadshot?seoId=Chris-Neil	#E4173E	PHO	Oliver-Ekman-Larsson	Oliver Ekman-Larsson	D	28	9.7	http://tsnimages.tsn.ca/ImageProvider/PlayerHeadshot?seoId=Oliver-Ekman-Larsson	#841F27	BUF	Henrik-Tallinder	Henrik Tallinder	D	27	7.0	http://tsnimages.tsn.ca/ImageProvider/PlayerHeadshot?seoId=Henrik-Tallinder	#002E66	TOR	Dion-Phaneuf	Dion Phaneuf	D	26	5.8	http://tsnimages.tsn.ca/ImageProvider/PlayerHeadshot?seoId=Dion-Phaneuf	#003777	DAL	Brendon-Dillon	Brendon Dillon	D	26	5.0	http://tsnimages.tsn.ca/ImageProvider/PlayerHeadshot?seoId=Brendon-Dillon	#006A4E	MIN	Marco-Scandella	Marco Scandella	D	25	9.2	http://tsnimages.tsn.ca/ImageProvider/PlayerHeadshot?seoId=Marco-Scandella	#025736	WAS	John-Carlson	John Carlson	D	25	9.1	http://tsnimages.tsn.ca/ImageProvider/PlayerHeadshot?seoId=John-Carlson	#CF132B	NSH	Ryan-Ellis	Ryan Ellis	D	25	10.5	http://tsnimages.tsn.ca/ImageProvider/PlayerHeadshot?seoId=Ryan-Ellis	#FDBB2F	NYR	Anton-Stralman	Anton Stralman	D	24	8.4	http://tsnimages.tsn.ca/ImageProvider/PlayerHeadshot?seoId=Anton-Stralman	#0161AB	PIT	Olli-Maatta	Olli Maatta	D	24	7.5	http://tsnimages.tsn.ca/ImageProvider/PlayerHeadshot?seoId=Olli-Maatta	#D1BD80	TBL	Radko-Gudas	Radko Gudas	D	24	7.7	http://tsnimages.tsn.ca/ImageProvider/PlayerHeadshot?seoId=Radko-Gudas	#013E7D	CAL	Chris-Butler	Chris Butler	D	24	6.4	http://tsnimages.tsn.ca/ImageProvider/PlayerHeadshot?seoId=Chris-Butler	#E03A3E	ANA	Hampus-Lindholm	Hampus Lindholm	D	23	7.4	http://tsnimages.tsn.ca/ImageProvider/PlayerHeadshot?seoId=Hampus-Lindholm	#EF5226	CHI	Johnny-Oduya	Johnny Oduya	D	23	8.1	http://tsnimages.tsn.ca/ImageProvider/PlayerHeadshot?seoId=Johnny-Oduya	#E3263A	NJD	Andy-Greene	Andy Greene	D	22	8.5	http://tsnimages.tsn.ca/ImageProvider/PlayerHeadshot?seoId=Andy-Greene	#E03A3E	MIN	Ryan-Suter	Ryan Suter	D	22	7.0	http://tsnimages.tsn.ca/ImageProvider/PlayerHeadshot?seoId=Ryan-Suter	#025736	SJS	Justin-Braun	Justin Braun	D	22	9.5	http://tsnimages.tsn.ca/ImageProvider/PlayerHeadshot?seoId=Justin-Braun	#05535D	STL	Jay-Bouwmeester	Jay Bouwmeester	D	22	8.1	http://tsnimages.tsn.ca/ImageProvider/PlayerHeadshot?seoId=Jay-Bouwmeester	#0546A1	WPG	Zach-Bogosian	Zach Bogosian	D	22	9.1	http://tsnimages.tsn.ca/ImageProvider/PlayerHeadshot?seoId=Zach-Bogosian	#0168AB	SJS	Jason-Demers	Jason Demers	D	22	7.9	http://tsnimages.tsn.ca/ImageProvider/PlayerHeadshot?seoId=Jason-Demers	#05535D	TBL	Matt-Carle	Matt Carle	D	21	6.0	http://tsnimages.tsn.ca/ImageProvider/PlayerHeadshot?seoId=Matt-Carle	#013E7D	LAK	Slava-Voynov	Slava Voynov	D	21	7.1	http://tsnimages.tsn.ca/ImageProvider/PlayerHeadshot?seoId=Slava-Voynov	#AFB7BA	OTT	Jared-Cowen	Jared Cowen	D	21	8.1	http://tsnimages.tsn.ca/ImageProvider/PlayerHeadshot?seoId=Jared-Cowen	#E4173E	FLO	Erik-Gudbranson	Erik Gudbranson	D	21	7.2	http://tsnimages.tsn.ca/ImageProvider/PlayerHeadshot?seoId=Erik-Gudbranson	#C8213F	VAN	Kevin-Bieksa	Kevin Bieksa	D	21	9.6	http://tsnimages.tsn.ca/ImageProvider/PlayerHeadshot?seoId=Kevin-Bieksa	#047A4A	PIT	Tanner-Glass	Tanner Glass	F	21	13.1	http://tsnimages.tsn.ca/ImageProvider/PlayerHeadshot?seoId=Tanner-Glass	#D1BD80	BOS	Zdeno-Chara	Zdeno Chara	D	20	6.0	http://tsnimages.tsn.ca/ImageProvider/PlayerHeadshot?seoId=Zdeno-Chara	#FFC422	FLO	Tom-Gilbert	Tom Gilbert	D	20	8.0	http://tsnimages.tsn.ca/ImageProvider/PlayerHeadshot?seoId=Tom-Gilbert	#C8213F	VAN	Dan-Hamhuis	Dan Hamhuis	D	20	9.5	http://tsnimages.tsn.ca/ImageProvider/PlayerHeadshot?seoId=Dan-Hamhuis	#047A4A	NSH	Shea-Weber	Shea Weber	D	20	5.2	http://tsnimages.tsn.ca/ImageProvider/PlayerHeadshot?seoId=Shea-Weber	#FDBB2F	NYR	Marc-Staal	Marc Staal	D	20	6.2	http://tsnimages.tsn.ca/ImageProvider/PlayerHeadshot?seoId=Marc-Staal	#0161AB	CAR	Ron-Hainsey	Ron Hainsey	D	19	7.1	http://tsnimages.tsn.ca/ImageProvider/PlayerHeadshot?seoId=Ron-Hainsey	#E03A3E	DET	Niklas-Kronwall	Niklas Kronwall	D	19	5.1	http://tsnimages.tsn.ca/ImageProvider/PlayerHeadshot?seoId=Niklas-Kronwall	#EC1F26	SJS	Marc-Eduoard-Vlasic	Marc-Eduoard Vlasic	D	19	9.2	http://tsnimages.tsn.ca/ImageProvider/PlayerHeadshot?seoId=Marc-Eduoard-Vlasic	#05535D	NYI	Calvin-de-Haan	Calvin de Haan	D	19	8.5	http://tsnimages.tsn.ca/ImageProvider/PlayerHeadshot?seoId=Calvin-de-Haan	#F57D38	TOR	Carl-Gunnarsson	Carl Gunnarsson	D	19	5.3	http://tsnimages.tsn.ca/ImageProvider/PlayerHeadshot?seoId=Carl-Gunnarsson	#003777	PHI	Braydon-Coburn	Braydon Coburn	D	18	5.9	http://tsnimages.tsn.ca/ImageProvider/PlayerHeadshot?seoId=Braydon-Coburn	#F47940	DAL	Sergei-Gonchar	Sergei Gonchar	D	18	5.5	http://tsnimages.tsn.ca/ImageProvider/PlayerHeadshot?seoId=Sergei-Gonchar	#006A4E	COL	Andre-Benoit	Andre Benoit	D	17	7.7	http://tsnimages.tsn.ca/ImageProvider/PlayerHeadshot?seoId=Andre-Benoit	#8B2942	VAN	Alex-Edler	Alex Edler	D	17	10.2	http://tsnimages.tsn.ca/ImageProvider/PlayerHeadshot?seoId=Alex-Edler	#047A4A	OTT	Marc-Methot	Marc Methot	D	16	7.7	http://tsnimages.tsn.ca/ImageProvider/PlayerHeadshot?seoId=Marc-Methot	#E4173E	CLB	David-Savard	David Savard	D	16	8.3	http://tsnimages.tsn.ca/ImageProvider/PlayerHeadshot?seoId=David-Savard	#00285C	CHI	Brent-Seabrook	Brent Seabrook	D	16	7.7	http://tsnimages.tsn.ca/ImageProvider/PlayerHeadshot?seoId=Brent-Seabrook	#E3263A	MTL	Andrei-Markov	Andrei Markov	D	16	5.3	http://tsnimages.tsn.ca/ImageProvider/PlayerHeadshot?seoId=Andrei-Markov	#BF2F38	DET	Kyle-Quincey	Kyle Quincey	D	16	7.1	http://tsnimages.tsn.ca/ImageProvider/PlayerHeadshot?seoId=Kyle-Quincey	#EC1F26	MIN	Jonas-Bordin	Jonas Bordin	D	16	7.1	http://tsnimages.tsn.ca/ImageProvider/PlayerHeadshot?seoId=Jonas-Bordin	#025736	DAL	Jordie-Benn	Jordie Benn	D	15	8.3	http://tsnimages.tsn.ca/ImageProvider/PlayerHeadshot?seoId=Jordie-Benn	#006A4E	ANA	Francois-Beauchemin	Francois Beauchemin	D	15	6.3	http://tsnimages.tsn.ca/ImageProvider/PlayerHeadshot?seoId=Francois-Beauchemin	#EF5227	CHI	Nicklas-Hjalmarsson	Nicklas Hjalmarsson	D	14	6.0	http://tsnimages.tsn.ca/ImageProvider/PlayerHeadshot?seoId=Nicklas-Hjalmarsson	#E3263A	DET	Danny-Dekeyser	Danny Dekeyser	D	14	6.2	http://tsnimages.tsn.ca/ImageProvider/PlayerHeadshot?seoId=Danny-Dekeyser	#EC1F26	PHI	Nick-Grossmann	Nick Grossmann	D	13	6.4	http://tsnimages.tsn.ca/ImageProvider/PlayerHeadshot?seoId=Nick-Grossmann	#F47940	WPG	Tobias-Enstrom	Tobias Enstrom	D	13	7.7	http://tsnimages.tsn.ca/ImageProvider/PlayerHeadshot?seoId=Tobias-Enstrom	#0168AB	ANA	Ben-Lovejoy	Ben Lovejoy	D	13	9.0	http://tsnimages.tsn.ca/ImageProvider/PlayerHeadshot?seoId=Ben-Lovejoy	#EF5225	OTT	Chris-Phillips	Chris Phillips	D	13	5.8	http://tsnimages.tsn.ca/ImageProvider/PlayerHeadshot?seoId=Chris-Phillips	#E4173E	PHO	Derek-Morris	Derek Morris	D	12	8.1	http://tsnimages.tsn.ca/ImageProvider/PlayerHeadshot?seoId=Derek-Morris	#841F27	NYI	Andrew-MacDonald	Andrew MacDonald	D	12	6.2	http://tsnimages.tsn.ca/ImageProvider/PlayerHeadshot?seoId=Andrew-MacDonald	#F57D33	PHI	Luke-Schenn	Luke Schenn	D	12	5.8	http://tsnimages.tsn.ca/ImageProvider/PlayerHeadshot?seoId=Luke-Schenn	#F47940	LAK	Willie-Mitchell	Willie Mitchell	D	11	6.1	http://tsnimages.tsn.ca/ImageProvider/PlayerHeadshot?seoId=Willie-Mitchell	#AFB7BA	BOS	Dennis-Seidenberg	Dennis Seidenberg	D	11	4.7	http://tsnimages.tsn.ca/ImageProvider/PlayerHeadshot?seoId=Dennis-Seidenberg	#FFC424	CAR	Jay-Harrison	Jay Harrison	D	11	7.0	http://tsnimages.tsn.ca/ImageProvider/PlayerHeadshot?seoId=Jay-Harrison	#E03A3E	CLB	James-Wisniewski	James Wisniewski	D	11	6.4	http://tsnimages.tsn.ca/ImageProvider/PlayerHeadshot?seoId=James-Wisniewski	#00285C	NJD	Mark-Faine	Mark Faine	D	11	7.8	http://tsnimages.tsn.ca/ImageProvider/PlayerHeadshot?seoId=Mark-Faine	#E03A3E	STL	Barrett-Jackman	Barrett Jackman	D	11	6.7	http://tsnimages.tsn.ca/ImageProvider/PlayerHeadshot?seoId=Barrett-Jackman	#0546A3	PIT	Matt-Niskanen	Matt Niskanen	D	10	10.4	http://tsnimages.tsn.ca/ImageProvider/PlayerHeadshot?seoId=Matt-Niskanen	#D1BD80	TOR	Cody-Franson	Cody Franson	D	10	6.3	http://tsnimages.tsn.ca/ImageProvider/PlayerHeadshot?seoId=Cody-Franson	#003777	EDM	Nick-Schultz	Nick Schultz	D	10	6.0	http://tsnimages.tsn.ca/ImageProvider/PlayerHeadshot?seoId=Nick-Schultz	#E66A20	EDM	Andrew-Ference	Andrew Ference	D	9	6.4	http://tsnimages.tsn.ca/ImageProvider/PlayerHeadshot?seoId=Andrew-Ference	#E66A20	WAS	Karl-Alzner	Karl Alzner	D	9	10.6	http://tsnimages.tsn.ca/ImageProvider/PlayerHeadshot?seoId=Karl-Alzner	#CF132B	COL	Jan-Hedja	Jan Hedja	D	9	4.3	http://tsnimages.tsn.ca/ImageProvider/PlayerHeadshot?seoId=Jan-Hedja	#8B2942	MTL	Alexei-Emelin	Alexei Emelin	D	9	6.5	http://tsnimages.tsn.ca/ImageProvider/PlayerHeadshot?seoId=Alexei-Emelin	#BF2F38	PIT	Brooks-Orpik	Brooks Orpik	D	8	5.5	http://tsnimages.tsn.ca/ImageProvider/PlayerHeadshot?seoId=Brooks-Orpik	#D1BD80	VAN	Jason-Garrison	Jason Garrison	D	8	6.1	http://tsnimages.tsn.ca/ImageProvider/PlayerHeadshot?seoId=Jason-Garrison	#047A4A	WPG	Mark-Stuart	Mark Stuart	D	8	7.4	http://tsnimages.tsn.ca/ImageProvider/PlayerHeadshot?seoId=Mark-Stuart	#0168AB	BOS	Johnny-Boychuk	Johnny Boychuk	D	7	9.6	http://tsnimages.tsn.ca/ImageProvider/PlayerHeadshot?seoId=Johnny-Boychuk	#FFC423	COL	Nate-Guenin	Nate Guenin	D	7	4.7	http://tsnimages.tsn.ca/ImageProvider/PlayerHeadshot?seoId=Nate-Guenin	#8B2942	NYR	Dan-Girardi	Dan Girardi	D	7	4.9	http://tsnimages.tsn.ca/ImageProvider/PlayerHeadshot?seoId=Dan-Girardi	#0161AB	PHO	Michael-Stone	Michael Stone	D	6	8.0	http://tsnimages.tsn.ca/ImageProvider/PlayerHeadshot?seoId=Michael-Stone	#841F27	CLB	Fedor-Tyutin	Fedor Tyutin	D	6	5.3	http://tsnimages.tsn.ca/ImageProvider/PlayerHeadshot?seoId=Fedor-Tyutin	#00285C	NJD	Jon-Merrill	Jon Merrill	D	5	6.6	http://tsnimages.tsn.ca/ImageProvider/PlayerHeadshot?seoId=Jon-Merrill	#E03A3E	MTL	Josh-Gorges	Josh Gorges	D	4	6.9	http://tsnimages.tsn.ca/ImageProvider/PlayerHeadshot?seoId=Josh-Gorges	#BF2F38	PIT	Rob-Scuderi	Rob Scuderi	D	4	3.6	http://tsnimages.tsn.ca/ImageProvider/PlayerHeadshot?seoId=Rob-Scuderi	#D1BD80	LAK	Robyn-Regehr	Robyn Regehr	D	4	5.6	http://tsnimages.tsn.ca/ImageProvider/PlayerHeadshot?seoId=Robyn-Regehr	#AFB7BA	BUF	Mike-Weber	Mike Weber	D	2	4.9	http://tsnimages.tsn.ca/ImageProvider/PlayerHeadshot?seoId=Mike-Weber	#002E65				